PLANO,MES,ANO,1,2.01,2.02,2.03,2.03.01,2.03.01.01,2.03.01.01.01,2.03.01.01.01.01,2.03.01.01.01.02,2.03.01.01.02,2.03.01.01.02.01,2.03.01.01.02.02,2.03.01.01.02.03,2.03.01.01.03,2.03.02.01,3.01,3.02,3.05,solvencia_seca,solvencia_gerencial,solvencia_liquida,resultado_operacional,maturiade_atuarial,solvencia_financeira,risco_legal,provisoes_cd,passivo_integralizar,provisoes_bd,resultado,prov_concedidos_cd,prov_conceder_cd,prov_concedidos_bd,prov_conceder_bd,competencia
BD-01,1,2022,2552446173.22,-5589127.69,-2686551.25,-2544170494.28,-2469388845.44,-2601350541.13,-2179616062.68,0.0,-2179616062.68,-590274898.02,0.0,-575796402.98,-14478495.04,168540419.57,0.0,-6991502.51,17878564.59,-24425201.12,0.9492718518309812,0.9492718518309812,0.8844822677648568,0.39105502428928496,0.27081599742580953,1.757227403343794,0.001055963527617395,-0.0,0.06478958406612427,0.9352104159338758,-131961695.69000006,0.0,0.0,-2179616062.68,-590274898.02,2022-01-01
BD-01,1,2023,2696525608.25,-6148502.31,-1242130.27,-2689134975.67,-2611413702.41,-2707558707.12,-2259150163.98,0.0,-2259150163.98,-622977592.86,0.0,-607751047.12,-15226545.74,174569049.72,0.0,-7366720.16,18568743.53,-20470937.04,0.9644901495737951,0.9644901495737951,0.9000154442752766,0.3967269055172307,0.2757574962447318,1.4991675206793056,0.0004619070002949637,-0.0,0.06447470529851859,0.9355252947014814,-96145004.71000004,0.0,0.0,-2259150163.98,-622977592.86,2023-01-01
BD-01,2,2022,2566168823.52,-7017677.97,-2723133.73,-2556428011.82,-2481456877.07,-2615441848.48,-2187833662.64,0.0,-2187833662.64,-596721842.37,0.0,-582088451.56,-14633390.81,169113656.53,0.0,-14001281.42,35557721.2,-47363370.56,0.9487715731520213,0.9487715731520213,0.8841118841483132,0.3937620563828483,0.27274552565845056,1.7257757220954868,0.0010652104097628459,-0.0,0.06465968900370801,0.935340310996292,-133984971.40999985,0.0,0.0,-2187833662.64,-596721842.3699999,2022-02-01
BD-01,2,2023,2719724408.83,-17676212.3,-1252270.9,-2700795925.63,-2622610597.38,-2721547686.97,-2266973582.44,0.0,-2266973582.44,-629707272.47,0.0,-614346690.64,-15360581.83,175133167.94,0.0,-14709088.17,37443817.05,-43349982.52,0.9636467550931838,0.9636467550931838,0.8992961766416327,0.39283089516110115,0.2777744201995642,1.5505649600966633,0.0004636673538034494,-0.0,0.06435057845155095,0.935649421548449,-98937089.58999968,0.0,0.0,-2266973582.44,-629707272.47,2023-02-01
BD-01,3,2022,2609683412.9,-8441132.08,-2700143.33,-2598542137.49,-2522360724.41,-2641737881.43,-2206199983.46,0.0,-2206199983.46,-606028975.55,0.0,-591172574.14,-14856401.41,170491077.58,0.0,-20977786.66,53399456.92,-99191315.83,0.9548111272283456,0.9548111272283456,0.8902736578683229,0.3928464420795087,0.2746935817665814,2.250380610986933,0.0010390993053544014,-0.0,0.06453746936002275,0.9354625306399773,-119377157.01999998,0.0,0.0,-2206199983.46,-606028975.55,2022-03-01
BD-01,3,2023,2745709881.32,-9069903.87,-1608085.51,-2735031891.94,-2655712715.43,-2729563436.91,-2276531422.98,0.0,-2276531422.98,-628907851.58,0.0,-613495867.32,-15411984.26,175875837.65,0.0,-22060191.09,56108638.84,-87925376.28,0.9729441270785768,0.9729441270785768,0.9085104395255591,0.3931692435617103,0.2762570484341279,1.960225192481251,0.0005879585955611509,-0.0,0.06443368755301768,0.9355663124469823,-73850721.48000002,0.0,0.0,-2276531422.98,-628907851.58,2023-03-01
BD-01,4,2021,2453528806.25,-8446073.82,-2194276.45,-2442888455.98,-2371366143.06,-2423298872.93,-1843305849.82,0.0,-1843305849.82,-740671920.35,0.0,-722669617.07,-18002303.28,160678897.24,0.0,-25259291.68,59400403.36,-80776958.59,0.9785694078224828,0.9785694078224828,0.9122635554842097,0.4252377130659269,0.4018171593294337,1.7851099364992598,0.0008982303079080762,-0.0,0.06630585233827302,0.933694147661727,-51932729.869999886,0.0,0.0,-1843305849.82,-740671920.35,2021-04-01
BD-01,4,2022,2628382963.31,-10027331.86,-2753078.19,-2615602553.26,-2538765403.62,-2668694189.47,-2234776588.3,0.0,-2234776588.3,-606752342.12,0.0,-591933184.9,-14819157.22,172834740.95,0.0,-28259487.31,71052274.03,-126165203.88,0.9513137225079342,0.9513137225079342,0.8865499359219843,0.39772811913195283,0.27150469773873814,2.1733954795704093,0.0010525598342793535,-0.0,0.06476378658595004,0.9352362134140499,-129928785.8499999,0.0,0.0,-2234776588.3,-606752342.12,2022-04-01
BD-01,4,2023,2772768087.61,-9647806.66,-1628472.33,-2761491808.62,-2681454129.06,-2748654279.66,-2288575689.19,0.0,-2288575689.19,-636847241.47,0.0,-621255242.26,-15591999.21,176768651.0,0.0,-30269528.68,74974797.27,-124477110.86,0.9755516177144284,0.9755516177144284,0.9112406374983695,0.40372938350193954,0.2782723090514872,2.063982100314654,0.0005897074635226951,-0.0,0.06431098021605894,0.935689019783941,-67200150.5999999,0.0,0.0,-2288575689.19,-636847241.47,2023-04-01
BD-01,5,2022,2652740953.07,-11320267.06,-2811655.09,-2638609030.92,-2561060739.59,-2697269461.85,-2255113762.19,0.0,-2255113762.19,-616506314.2,0.0,-601452208.42,-15054105.78,174350614.54,0.0,-35234054.68,88714059.7,-159349445.55,0.9495012551817581,0.9495012551817581,0.8848615827255933,0.39716426910400987,0.2733814695012524,2.193378376415345,0.0010655823038018119,-0.0,0.06463967245616484,0.9353603275438351,-136208722.25999975,0.0,0.0,-2255113762.19,-616506314.1999999,2022-05-01
BD-01,5,2023,2802828614.69,-11139555.03,-1642082.43,-2790046977.23,-2708892995.1,-2765078136.06,-2298923207.66,0.0,-2298923207.66,-643707935.45,0.0,-628156876.74,-15551058.71,177553007.05,0.0,-37190242.53,93782244.41,-163942504.75,0.9796804508967478,0.9796804508967478,0.915467796384569,0.3965595274880669,0.2800041050980601,2.1446783295213314,0.0005885501009127394,-0.0,0.06421265451217877,0.9357873454878213,-56185140.96000004,0.0,0.0,-2298923207.66,-643707935.45,2023-05-01
BD-01,6,2021,2486906187.22,-10679585.65,-2245515.09,-2473981086.48,-2402105018.03,-2441035360.09,-1851747134.63,0.0,-1851747134.63,-750614793.88,0.0,-732347864.2,-18266929.68,161326568.42,0.0,-37839698.51,88798067.55,-128684438.09,0.9840517090835732,0.9840517090835732,0.9179623065875553,0.4261320043782867,0.4053549104208449,1.8753126187823217,0.0009076524886432889,-0.0,0.06608940249601788,0.9339105975039821,-38930342.05999994,0.0,0.0,-1851747134.63,-750614793.88,2021-06-01
BD-01,6,2022,2649155984.63,-12784990.46,-2833392.58,-2633537601.59,-2555920799.17,-2710377256.69,-2262471540.03,0.0,-2262471540.03,-622766169.97,0.0,-607563397.92,-15202772.05,174860453.31,0.0,-42202579.29,106309911.24,-165029698.36,0.9430129303443805,0.9430129303443805,0.8784977589311046,0.39697690269654673,0.27525922821629933,1.9493222713935172,0.0010758884089178515,-0.0,0.06451517141327595,0.9354848285867241,-154456457.51999998,0.0,0.0,-2262471540.03,-622766169.9699999,2022-06-01
BD-01,6,2023,2821572842.35,-13449992.71,-1658179.07,-2806464670.57,-2724373748.12,-2762808288.55,-2498909232.06,0.0,-2498909232.06,-440478906.6,0.0,-429383990.8,-11094915.8,176579850.11,0.0,-45137882.18,114832278.99,-192688350.26,0.9860885966683661,0.9860885966683661,0.9221754214973613,0.393076603347137,0.176268469838293,2.071074740759179,0.0005908426667146391,-0.0,0.06391317517100475,0.9360868248289953,-38434540.430000305,0.0,0.0,-2498909232.06,-440478906.6,2023-06-01
BD-01,7,2021,2496713700.45,-11631775.03,-2274671.75,-2482807253.67,-2410232326.64,-2455426354.59,-1858658626.75,0.0,-1858658626.75,-758688610.24,0.0,-740255448.78,-18433161.46,161920882.4,0.0,-44111407.96,103573779.45,-145491794.89,0.9815942238033253,0.9815942238033253,0.9156501232615532,0.42589358227769103,0.408191477079695,1.8306100622844461,0.0009161692864549428,-0.0,0.06594410054177213,0.9340558994582279,-45194027.950000286,0.0,0.0,-1858658626.75,-758688610.24,2021-07-01
BD-01,7,2022,2646294786.77,-14123639.5,-2868147.4,-2629302999.87,-2552027762.44,-2718745227.39,-2274635672.63,0.0,-2274635672.63,-620004239.52,0.0,-604781572.92,-15222666.6,175894684.76,0.0,-49191344.24,123952335.44,-171570611.06,0.9386785259352717,0.9386785259352717,0.8739815168194676,0.3968569375105596,0.2725729869536131,1.7810229594815614,0.0010908394354480291,-0.0,0.0646970091158042,0.9353029908841958,-166717464.9499998,0.0,0.0,-2274635672.63,-620004239.52,2022-07-01
BD-01,7,2023,2825916547.42,-14889358.91,-1666695.83,-2809360492.68,-2727027185.57,-2759373731.33,-2492926968.75,0.0,-2492926968.75,-442522044.45,0.0,-431391704.92,-11130339.53,176075281.87,0.0,-52557745.55,134828105.96,-208067236.89,0.9882775771209473,0.9882775771209473,0.9244677061089721,0.3898129783532857,0.17751103421689435,1.9330167147591664,0.0005932652054952369,-0.0,0.0638098710119752,0.9361901289880248,-32346545.759999752,0.0,0.0,-2492926968.75,-442522044.45,2023-07-01
BD-01,8,2021,2504160518.93,-12909154.19,-2343739.94,-2488907624.8,-2416105942.71,-2480674196.24,-1873953153.2,0.0,-1873953153.2,-769935448.8,0.0,-751251515.6,-18683933.2,163214405.76,0.0,-50898027.22,118391536.74,-159587170.98,0.9739714898361636,0.9739714898361636,0.9081771158682369,0.42991271691807925,0.4108616309245739,1.7778736892506697,0.0009416741371381088,-0.0,0.06579437396792648,0.9342056260320735,-64568253.52999973,0.0,0.0,-1873953153.2,-769935448.8000001,2021-08-01
BD-01,8,2022,2651229485.48,-15468085.75,-1732289.81,-2634029109.92,-2556539304.89,-2700569387.8,-2255822235.62,0.0,-2255822235.62,-619139389.45,0.0,-603941153.23,-15198236.22,174392237.27,0.0,-56177260.63,141796637.09,-187125037.17,0.9466667719923563,0.9466667719923563,0.8820906725750155,0.39618189671412046,0.2744628453756832,1.7158537945125816,0.0006576578077577179,-0.0,0.06457609941734081,0.9354239005826592,-144030082.91000032,0.0,0.0,-2255822235.62,-619139389.45,2022-08-01
BD-01,8,2023,2835414377.07,-16521741.53,-1677900.14,-2817214735.4,-2735353374.92,-2761581448.37,-2492014173.14,0.0,-2492014173.14,-445488827.12,0.0,-434288708.79,-11200118.33,175921551.89,0.0,-59972008.32,154806971.43,-229110127.71,0.9905025167859957,0.9905025167859957,0.9267993252709179,0.38739862789136664,0.17876657039982763,1.8673715618854803,0.0005955883017777005,-0.0,0.06370319151507778,0.9362968084849222,-26228073.44999981,0.0,0.0,-2492014173.14,-445488827.12,2023-08-01
BD-01,9,2021,2518587908.39,-14929413.04,-2580982.89,-2501077512.46,-2427694100.1,-2520927259.07,-2089119670.52,0.0,-2089119670.52,-597172732.38,0.0,-582268890.41,-14903841.97,165365143.83,0.0,-57628785.28,135039923.61,-181503975.38,0.9630163232062495,0.9630163232062495,0.8974193714358104,0.42675368690546606,0.28584898261541836,1.7708300942958448,0.0010319483811045132,-0.0,0.06559695177043909,0.9344030482295609,-93233158.97000027,0.0,0.0,-2089119670.52,-597172732.38,2021-09-01
BD-01,9,2022,2654698971.3,-16773752.33,-1735978.1,-2636189240.87,-2558331654.37,-2691183215.98,-2244260704.27,0.0,-2244260704.27,-620362184.99,0.0,-605138766.12,-15223418.87,173439673.28,0.0,-63253891.15,159576650.63,-199811213.38,0.9506345161410269,0.9506345161410269,0.8861871488082748,0.39638562972889235,0.2764216224120842,1.6485187744662717,0.0006585180127004423,-0.0,0.06444736733275203,0.935552632667248,-132851561.61000013,0.0,0.0,-2244260704.27,-620362184.99,2022-09-01
BD-01,9,2023,2829519111.12,-17999324.05,-1688898.44,-2809830888.63,-2728853521.86,-2753136901.44,-2500594353.28,0.0,-2500594353.28,-428043410.36,0.0,-417197672.55,-10845737.81,175500862.2,0.0,-67431486.95,175020718.55,-235514640.92,0.9911797413462081,0.9911797413462081,0.9274339602671031,0.38527716894692177,0.17117666837827594,1.7309158045963238,0.0006010676467520301,-0.0,0.0637457810791051,0.9362542189208949,-24283379.579999924,0.0,0.0,-2500594353.28,-428043410.36,2023-09-01
BD-01,10,2021,2518936790.26,-16176526.79,-2558370.63,-2500201892.84,-2426671236.2,-2551008703.65,-2110612957.41,0.0,-2110612957.41,-607398718.43,0.0,-592244049.55,-15154668.88,167002972.19,0.0,-64145848.09,151168341.62,-190213713.54,0.9512594891298891,0.9512594891298891,0.8857940236647768,0.42433387442489034,0.28778308988274104,1.6826245423092443,0.0010232656159994845,-0.0,0.06546546546511231,0.9345345345348877,-124337467.45000029,0.0,0.0,-2110612957.41,-607398718.43,2021-10-01
BD-01,10,2022,2664961098.14,-18216853.65,-1734482.14,-2645009762.35,-2566904800.46,-2685105683.18,-2232938653.19,0.0,-2232938653.19,-625674491.53,0.0,-610482819.26,-15191672.27,173507461.54,0.0,-70329951.6,177212334.47,-219127778.39,0.9559790575617071,0.9559790575617071,0.8913605724767875,0.3968682643357765,0.28020227543473025,1.6333949375233916,0.000655756422788766,-0.0,0.06461848508491971,0.9353815149150803,-118200882.71999979,0.0,0.0,-2232938653.19,-625674491.53,2022-10-01
BD-01,11,2021,2550710315.93,-17512165.54,-2618411.42,-2530579738.97,-2455966162.63,-2583451710.09,-2134020632.66,0.0,-2134020632.66,-618248387.94,0.0,-602856033.02,-15392354.92,168817310.51,0.0,-70654068.59,167584869.29,-229613345.28,0.9506530170615967,0.9506530170615967,0.8853073750855293,0.42160171672620106,0.28971059533260923,1.7917334371660805,0.0010347081262358283,-0.0,0.0653456419760673,0.9346543580239327,-127485547.46000004,0.0,0.0,-2134020632.66,-618248387.9399999,2021-11-01
BD-01,11,2022,2670250731.49,-19534339.4,-1754154.12,-2648962237.97,-2570816422.92,-2701429963.0,-2242798317.25,0.0,-2242798317.25,-632836100.28,0.0,-617475425.88,-15360674.4,174204454.53,0.0,-77396861.46,194752937.94,-233709583.52,0.951650221597842,0.951650221597842,0.8871642060742183,0.39741049495152997,0.2821636236360075,1.5974416009880503,0.0006622042756427797,-0.0,0.06448601552362362,0.9355139844763763,-130613540.07999992,0.0,0.0,-2242798317.25,-632836100.28,2022-11-01
BD-01,12,2022,2688507078.2,-6957127.3,-1229339.75,-2680320611.15,-2602296190.31,-2691278984.72,-2249391993.39,0.0,-2249391993.39,-615745185.88,0.0,-600671064.29,-15074121.59,173858194.55,0.0,-84517881.93,213062832.59,-276574488.09,0.9669366145556784,0.9669366145556784,0.9023360303958432,0.39668055147205816,0.27373849808722156,1.694769405017981,0.0004586539926925189,-0.0,0.06460058415983513,0.9353994158401648,-88982794.40999985,0.0,0.0,-2249391993.39,-615745185.88,2022-12-01
BD-01,10,2023,2828104070.41,-19496081.38,-1767055.58,-2806840933.45,-2726260284.04,-2758763458.69,-2502786319.52,0.0,-2502786319.52,-431561970.5,0.0,-420641253.42,-10920717.08,175584831.33,0.0,-74883828.97,195430157.39,-246035665.22,0.98821820894154,0.98821820894154,0.9245720015159217,0.3831743778446742,0.17243260726419812,1.642118588430412,0.0006295531602597949,-0.0,0.06364620742561834,0.9363537925743817,-32503174.650000095,0.0,0.0,-2502786319.52,-431561970.5,2023-10-01
BD-01,11,2023,2852472367.07,-21043506.09,-1776734.63,-2829652126.35,-2747927487.09,-2764351751.92,-2504960745.41,0.0,-2504960745.41,-435026789.99,0.0,-424024000.62,-11002789.37,175635783.48,0.0,-82324494.14,215327857.27,-280308984.55,0.9940585474266824,0.9940585474266824,0.9305225725428744,0.38232161497234035,0.17366611065148524,1.6840992302974211,0.0006278986075549257,-0.0,0.06353597488380808,0.936464025116192,-16424264.829999924,0.0,0.0,-2504960745.41,-435026789.99,2023-11-01
BD-01,12,2021,2539079027.7,-5833183.45,-2648756.42,-2530597087.83,-2456051524.41,-2582742425.31,-2167597406.38,0.0,-2167597406.38,-582800082.57,0.0,-568492548.89,-14307533.68,167655063.64,0.0,-76860695.88,182491622.13,-238577076.06,0.9509471406600704,0.9509471406600704,0.8860335581064882,0.42117383243624956,0.2688691547861309,1.728505496626548,0.0010466922738266969,-0.0,0.06491358255358227,0.9350864174464177,-126690900.9000001,0.0,0.0,-2167597406.38,-582800082.5699999,2021-12-01
CD-02,1,2022,77993243.56,-369125.52,0.0,-77624118.04,-76178928.89,-76178928.89,-18479175.83,-18479175.83,0.0,-57699753.06,-57699753.06,0.0,0.0,0.0,-853905.88,-334919.22,1462682.88,-275444.28,1.0112092135245563,1.0,1.0,0.228975962308385,3.1224202632634404,0.4172903835450648,-0.0,1.0,0.0,0.0,0.0,-18479175.83,-57699753.06,0.0,0.0,2022-01-01
CD-02,1,2023,78191193.8,-140496.6,0.0,-78050697.2,-76694010.4,-76694010.4,-10478644.07,-10478644.07,0.0,-66215366.33,-66215366.33,0.0,0.0,0.0,-982685.66,-347094.04,526495.76,-789292.67,1.0128130691676542,1.0,1.0,0.6592532483072607,6.319077724910261,2.158396698199431,-0.0,1.0,0.0,0.0,0.0,-10478644.07,-66215366.33,0.0,0.0,2023-01-01
CD-02,2,2022,77758156.27,-283252.52,0.0,-77474903.75,-76037272.07,-76037272.07,-17922475.07,-17922475.07,0.0,-58114797.0,-58114797.0,0.0,0.0,0.0,-861548.41,-676477.57,2593846.67,-941192.02,1.0113306065110654,1.0,1.0,0.2608009092534371,3.2425653696278234,0.6236565980208845,-0.0,1.0,0.0,0.0,0.0,-17922475.07,-58114797.0,0.0,0.0,2022-02-01
CD-02,2,2023,79083874.41,-112028.84,0.0,-78971845.57,-77612078.41,-77612078.41,-10185194.52,-10185194.52,0.0,-67426883.89,-67426883.89,0.0,0.0,0.0,-1000031.5,-687832.84,947994.69,-1806747.26,1.012884998320972,1.0,1.0,0.7255661315993236,6.620087987283723,2.6314283469246016,-0.0,1.0,0.0,0.0,0.0,-10185194.52,-67426883.89,0.0,0.0,2023-02-01
CD-02,3,2022,78748921.21,-282809.21,0.0,-78466112.0,-77016622.52,-77016622.52,-17192917.87,-17192917.87,0.0,-59823704.65,-59823704.65,0.0,0.0,0.0,-882043.85,-1012931.67,3722905.03,-2743690.48,1.0114526425742825,1.0,1.0,0.2720809856382504,3.4795550762437273,1.0090566693827268,-0.0,1.0,0.0,0.0,0.0,-17192917.87,-59823704.65,0.0,0.0,2022-03-01
CD-02,3,2023,80252583.4,-112143.05,0.0,-80140440.35,-78770489.72,-78770489.72,-9954705.36,-9954705.36,0.0,-68815784.36,-68815784.36,0.0,0.0,0.0,-1018893.96,-1018832.06,1371505.25,-3073704.51,1.0129349704898596,1.0,1.0,0.7428568428739154,6.912890122947848,2.9839744105974075,-0.0,1.0,0.0,0.0,0.0,-9954705.36,-68815784.36,0.0,0.0,2023-03-01
CD-02,4,2021,79405532.48,-210010.39,0.0,-79195522.09,-77801598.16,-77801598.16,-8089773.25,-8089773.25,0.0,-69711824.91,-69711824.91,0.0,0.0,0.0,-697455.74,-1849945.23,2943354.21,-564759.43,1.0089645425864604,1.0,1.0,0.6285160052143367,8.617277982420582,0.8203921402990094,-0.0,1.0,0.0,0.0,0.0,-8089773.25,-69711824.91,0.0,0.0,2021-04-01
CD-02,4,2022,78614696.45,-290179.56,0.0,-78324516.89,-76877963.16,-76877963.16,-16264239.62,-16264239.62,0.0,-60613723.54,-60613723.54,0.0,0.0,0.0,-893046.48,-1349769.65,5131478.82,-3697825.54,1.0116164170237103,1.0,1.0,0.26303716674017175,3.7268095500427707,0.9836531275013621,-0.0,1.0,0.0,0.0,0.0,-16264239.62,-60613723.54,0.0,0.0,2022-04-01
CD-02,4,2023,80756744.68,-112930.4,0.0,-80643814.28,-79264709.53,-79264709.53,-9626490.11,-9626490.11,0.0,-69638219.42,-69638219.42,0.0,0.0,0.0,-1038966.85,-1348228.54,2049829.31,-3936924.79,1.0131075589144343,1.0,1.0,0.6577272231510828,7.234019733491421,2.578338256857104,-0.0,1.0,0.0,0.0,0.0,-9626490.11,-69638219.42,0.0,0.0,2023-04-01
CD-02,5,2022,78640575.6,-282903.85,0.0,-78357671.75,-76915439.42,-76915439.42,-15302655.62,-15302655.62,0.0,-61612783.8,-61612783.8,0.0,0.0,0.0,-902928.19,-1688212.72,6260537.18,-4545886.89,1.0117392320294696,1.0,1.0,0.26965940325267745,4.026280492091477,0.9957771083790607,-0.0,1.0,0.0,0.0,0.0,-15302655.62,-61612783.8,0.0,0.0,2022-05-01
CD-02,5,2023,81547062.86,-108520.96,0.0,-81438541.9,-80053914.01,-80053914.01,-9333340.72,-9333340.72,0.0,-70720573.29,-70720573.29,0.0,0.0,0.0,-1055481.41,-1586261.11,2450348.8,-4905130.75,1.0131846321701166,1.0,1.0,0.6473613511676379,7.5771982842602155,2.649170542577449,-0.0,1.0,0.0,0.0,0.0,-9333340.72,-70720573.29,0.0,0.0,2023-05-01
CD-02,6,2021,79572528.14,-227719.9,0.0,-79344808.24,-77939053.22,-77939053.22,-6595467.49,-6595467.49,0.0,-71343585.73,-71343585.73,0.0,0.0,0.0,-718238.88,-2748492.69,4501306.49,-1404954.06,1.0092153913901496,1.0,1.0,0.6105988774827905,10.81706275380337,0.9227202722647753,-0.0,1.0,0.0,0.0,0.0,-6595467.49,-71343585.73,0.0,0.0,2021-06-01
CD-02,6,2022,78190771.2,-287550.69,0.0,-77903220.51,-76465712.14,-76465712.14,-14214337.81,-14214337.81,0.0,-62251374.33,-62251374.33,0.0,0.0,0.0,-920511.25,-2026400.57,7407503.37,-4932631.24,1.0120382224167959,1.0,1.0,0.2735605329869732,4.37947762056177,0.939457123729935,-0.0,1.0,0.0,0.0,0.0,-14214337.81,-62251374.33,0.0,0.0,2022-06-01
CD-02,6,2023,80112063.28,-609991.24,0.0,-79502072.04,-77778782.08,-77778782.08,-9077961.26,-9077961.26,0.0,-68700820.82,-68700820.82,0.0,0.0,0.0,-1405939.5,-1917278.79,5693065.37,-5892123.56,1.0180761315927256,1.0,1.0,0.3367744203506309,7.567868913774148,1.3717394483387075,-0.0,1.0,0.0,0.0,0.0,-9077961.26,-68700820.82,0.0,0.0,2023-06-01
CD-02,7,2021,79666313.84,-89818.46,0.0,-79576495.38,-78189330.49,-78189330.49,-6314210.42,-6314210.42,0.0,-71875120.07,-71875120.07,0.0,0.0,0.0,-716967.91,-3184392.79,4790663.5,-1516985.52,1.0091696386899194,1.0,1.0,0.6647080910608729,11.383073304357822,0.981362667196308,-0.0,1.0,0.0,0.0,0.0,-6314210.42,-71875120.07,0.0,0.0,2021-07-01
CD-02,7,2022,77406644.74,-257299.25,0.0,-77149345.49,-75712017.4,-75712017.4,-13488052.86,-13488052.86,0.0,-62223964.54,-62223964.54,0.0,0.0,0.0,-944750.31,-2360858.57,8474505.67,-4945792.32,1.0124782081160077,1.0,1.0,0.27858363212352416,4.613265175178147,0.8621919878897196,-0.0,1.0,0.0,0.0,0.0,-13488052.86,-62223964.54,0.0,0.0,2022-07-01
CD-02,7,2023,78366641.73,-657869.73,0.0,-77708772.0,-76203256.61,-76203256.61,-23872078.49,-23872078.49,0.0,-52331178.12,-52331178.12,0.0,0.0,0.0,-1208643.08,-2148721.21,8449107.55,-6643901.43,1.0158607798900998,1.0,1.0,0.2543133931346394,2.192150052703685,1.0406569673740276,-0.0,1.0,0.0,0.0,0.0,-23872078.49,-52331178.12,0.0,0.0,2023-07-01
CD-02,8,2021,79730416.49,-101633.75,0.0,-79628782.74,-78249673.09,-78249673.09,-7652695.34,-7652695.34,0.0,-70596977.75,-70596977.75,0.0,0.0,0.0,-721321.56,-3611402.45,5245530.13,-1619082.35,1.0092182054124412,1.0,1.0,0.6884723489330143,9.225112801890269,0.9971317808444274,-0.0,1.0,0.0,0.0,0.0,-7652695.34,-70596977.75,0.0,0.0,2021-08-01
CD-02,8,2022,76876075.06,-288537.42,0.0,-76587537.64,-75183931.96,-75183931.96,-12714849.54,-12714849.54,0.0,-62469082.42,-62469082.42,0.0,0.0,0.0,-929906.15,-2687586.03,9671407.23,-5283090.08,1.0123684160399424,1.0,1.0,0.2778898629832589,4.913080742597605,0.8241485360347088,-0.0,1.0000000000000002,0.0,-2.220446049250313e-16,0.0,-12714849.54,-62469082.42,0.0,0.0,2022-08-01
CD-02,8,2023,77234897.82,-364685.55,0.0,-76870212.27,-75366699.29,-75366699.29,-22609994.55,-22609994.55,0.0,-52756704.74,-52756704.74,0.0,0.0,0.0,-1225578.02,-2379097.65,9782812.43,-6927607.49,1.0162615323683495,1.0,1.0,0.243191583915506,2.333335579685047,0.9513322683628312,-0.0,1.0,0.0,0.0,0.0,-22609994.55,-52756704.74,0.0,0.0,2023-08-01
CD-02,9,2021,79951169.67,-186640.85,0.0,-79764528.82,-78360760.44,-78360760.44,-7751704.28,-7751704.28,0.0,-70609056.16,-70609056.16,0.0,0.0,0.0,-753595.75,-4040414.65,6136138.64,-2233684.29,1.0096170040434589,1.0,1.0,0.65846208618259,9.10884285694139,1.0224832436315356,-0.0,1.0,0.0,0.0,0.0,-7751704.28,-70609056.16,0.0,0.0,2021-09-01
CD-02,9,2022,76935471.5,-140449.03,0.0,-76795022.47,-75395905.4,-75395905.4,-12302463.86,-12302463.86,0.0,-63093441.54,-63093441.54,0.0,0.0,0.0,-943752.78,-3042381.85,10332727.16,-5824182.91,1.0125172948715595,1.0,1.0,0.29444132249786414,5.128520779088881,0.8581049922932447,-0.0,1.0,0.0,0.0,0.0,-12302463.86,-63093441.54,0.0,0.0,2022-09-01
CD-02,9,2023,75951033.25,-346846.07,0.0,-75604187.18,-74127344.31,-74127344.31,-21282694.54,-21282694.54,0.0,-52844649.77,-52844649.77,0.0,0.0,0.0,-1221969.87,-2611569.37,11051899.98,-6721260.19,1.0164847382753892,1.0,1.0,0.23630048903138914,2.4829868074590147,0.8444547613432166,-0.0,1.0,0.0,0.0,0.0,-21282694.54,-52844649.77,0.0,0.0,2023-09-01
CD-02,10,2021,78286223.14,-400078.84,0.0,-77886144.3,-76482109.39,-76482109.39,-20286406.38,-20286406.38,0.0,-56195703.01,-56195703.01,0.0,0.0,0.0,-764448.34,-4402153.94,7807821.1,-1687590.67,1.009995126260207,1.0,1.0,0.5638133716972589,2.7701162028087105,0.7799544241606664,-0.0,1.0,0.0,0.0,0.0,-20286406.38,-56195703.01,0.0,0.0,2021-10-01
CD-02,10,2022,77692032.85,-134143.95,0.0,-77557888.9,-76161915.84,-76161915.84,-12228333.63,-12228333.63,0.0,-63933582.21,-63933582.21,0.0,0.0,0.0,-960662.38,-3397376.07,10914189.2,-6842338.51,1.0126134219367346,1.0,1.0,0.3112806648065071,5.228315169055458,0.938202040697627,-0.0,1.0,0.0,0.0,0.0,-12228333.63,-63933582.21,0.0,0.0,2022-10-01
CD-02,11,2021,78957291.9,-307281.54,0.0,-78650010.36,-77222795.79,-77222795.79,-20329306.61,-20329306.61,0.0,-56893489.18,-56893489.18,0.0,0.0,0.0,-790481.79,-4752762.1,9154549.39,-3460395.75,1.0102363788038657,1.0,1.0,0.5191694203093922,2.798594672777184,0.8971668074642393,-0.0,0.9999999999999998,0.0,2.220446049250313e-16,0.0,-20329306.61,-56893489.18,0.0,0.0,2021-11-01
CD-02,11,2022,77387102.15,-113715.12,0.0,-77273387.03,-75895011.93,-75895011.93,-11726003.22,-11726003.22,0.0,-64169008.71,-64169008.71,0.0,0.0,0.0,-966007.28,-3749185.89,11390385.01,-6713560.06,1.012728205127512,1.0,1.0,0.32915357002493456,5.472368334382907,0.9185594640404521,-0.0,1.0,0.0,0.0,0.0,-11726003.22,-64169008.71,0.0,0.0,2022-11-01
CD-02,12,2022,77675913.3,-213811.66,0.0,-77462101.64,-76098666.08,-76098666.08,-10901123.58,-10901123.58,0.0,-65197542.5,-65197542.5,0.0,0.0,0.0,-969894.71,-4436223.37,12277195.49,-7137144.41,1.0127452261644163,1.0,1.0,0.36133849734765444,5.980809411207501,0.9426719473047994,-0.0,1.0,0.0,0.0,0.0,-10901123.58,-65197542.5,0.0,0.0,2022-12-01
CD-02,10,2023,74743714.12,-336158.97,0.0,-74407555.15,-72956680.85,-72956680.85,-19991573.97,-19991573.97,0.0,-52965106.88,-52965106.88,0.0,0.0,0.0,-1219688.5,-2837795.05,12302762.28,-6572951.98,1.0167179823121024,1.0,1.0,0.23066324337691746,2.6493715281988877,0.7649296000215003,-0.0,1.0,0.0,0.0,0.0,-19991573.97,-52965106.88,0.0,0.0,2023-10-01
CD-02,11,2023,75041151.22,-336638.21,0.0,-74704513.01,-73252988.74,-73252988.74,-19089443.08,-19089443.08,0.0,-54163545.66,-54163545.66,0.0,0.0,0.0,-1239786.64,-3057379.88,13553684.34,-7920695.24,1.0169247243194464,1.0,1.0,0.22557555593772963,2.837355989538905,0.8099698092865575,-0.0,1.0,0.0,0.0,0.0,-19089443.08,-54163545.66,0.0,0.0,2023-11-01
CD-02,12,2021,78870885.83,-367741.12,0.0,-78503144.71,-77062670.16,-77062670.16,-19341353.09,-19341353.09,0.0,-57721317.07,-57721317.07,0.0,0.0,0.0,-833592.17,-5438086.77,10625100.18,-4146790.21,1.0108170683454034,1.0,1.0,0.5118151055400213,2.9843474136172756,0.9020975630932828,-0.0,1.0,0.0,0.0,0.0,-19341353.09,-57721317.07,0.0,0.0,2021-12-01
CD-04,1,2022,73242758.39,-44217.09,0.0,-73198541.3,-71631973.11,-71631973.11,-615655.38,-615655.38,0.0,-71016317.73,-71016317.73,0.0,0.0,0.0,-481431.59,-700207.06,95298.31,-294378.12,1.0067209036565377,1.0,1.0,7.347528618293442,115.35076284073081,10.43654583171517,-0.0,1.0,0.0,0.0,0.0,-615655.38,-71016317.73,0.0,0.0,2022-01-01
CD-04,1,2023,87935768.27,-37201.35,0.0,-87898566.92,-86034217.91,-86034217.91,-442837.89,-442837.89,0.0,-85591380.02,-85591380.02,0.0,0.0,0.0,-581095.19,-845261.6,76933.77,-43883.37,1.006754233421496,1.0,1.0,10.98687351471272,193.27926076966898,11.557278032780662,-0.0,1.0,0.0,0.0,0.0,-442837.89,-85591380.02,0.0,0.0,2023-01-01
CD-04,2,2022,74252249.45,-34707.58,0.0,-74217541.87,-72625504.89,-72625504.89,-602065.49,-602065.49,0.0,-72023439.4,-72023439.4,0.0,0.0,0.0,-492069.57,-1399355.38,136134.59,-659880.89,1.0067754375098017,1.0,1.0,10.279205160128663,119.62725084940512,15.126473514189158,-0.0,1.0,0.0,0.0,0.0,-602065.49,-72023439.4,0.0,0.0,2022-02-01
CD-04,2,2023,89548658.83,-62676.05,0.0,-89485982.78,-87578751.29,-87578751.29,-430924.06,-430924.06,0.0,-87147827.23,-87147827.23,0.0,0.0,0.0,-596028.32,-1691829.1,200021.99,-879975.74,1.0068056270638794,1.0,1.0,8.458215519203664,202.2347678382126,12.857610505724896,-0.0,1.0,0.0,0.0,0.0,-430924.06,-87147827.23,0.0,0.0,2023-02-01
CD-04,3,2022,76628735.19,-36475.75,0.0,-76592259.44,-74957358.04,-74957358.04,-599314.23,-599314.23,0.0,-74358043.81,-74358043.81,0.0,0.0,0.0,-507516.25,-2099513.26,200897.62,-2391433.67,1.0067707328976185,1.0,1.0,10.450662680822202,124.07188097302479,22.35440584114436,-0.0,1.0,0.0,0.0,0.0,-599314.23,-74358043.81,0.0,0.0,2022-03-01
CD-04,3,2023,92327910.9,-57418.07,0.0,-92270492.83,-90318891.51,-90318891.51,-442843.3,-442843.3,0.0,-89876048.21,-89876048.21,0.0,0.0,0.0,-598264.8,-2555843.71,278196.51,-2836738.19,1.0066239165472237,1.0,1.0,9.187188257681592,202.95225920771523,19.384074588139153,-0.0,0.9999999999999999,0.0,1.1102230246251565e-16,0.0,-442843.3,-89876048.21,0.0,0.0,2023-03-01
CD-04,4,2021,64723109.05,-51671.0,0.0,-64671438.05,-63259185.58,-63259185.58,-752376.49,-752376.49,0.0,-62506809.09,-62506809.09,0.0,0.0,0.0,-478508.55,-2721151.44,212654.51,-848264.86,1.0075642540385674,1.0,1.0,12.796114411116886,83.07916305306138,16.785048668847885,-0.0,1.0000000000000002,0.0,-2.220446049250313e-16,0.0,-752376.49,-62506809.09,0.0,0.0,2021-04-01
CD-04,4,2022,77688166.01,-35066.89,0.0,-77653099.12,-75992363.98,-75992363.98,-586098.38,-586098.38,0.0,-75406265.6,-75406265.6,0.0,0.0,0.0,-513651.21,-2808308.68,239015.34,-2781810.21,1.0067592476809273,1.0,1.0,11.749491392477154,128.6580345094965,23.388117641319592,-0.0,0.9999999999999998,0.0,2.220446049250313e-16,0.0,-586098.38,-75406265.6,0.0,0.0,2022-04-01
CD-04,4,2023,94666747.15,-64703.74,0.0,-94602043.41,-92594140.88,-92594140.88,-434021.19,-434021.19,0.0,-92160119.69,-92160119.69,0.0,0.0,0.0,-615469.12,-3422753.13,463854.24,-4448132.44,1.0066469553489097,1.0,1.0,7.378941130299897,212.34013871534705,16.968445885069414,-0.0,1.0,0.0,0.0,0.0,-434021.19,-92160119.69,0.0,0.0,2023-04-01
CD-04,5,2022,79361864.13,-47781.43,0.0,-79314082.7,-77617270.52,-77617270.52,-574432.9,-574432.9,0.0,-77042837.62,-77042837.62,0.0,0.0,0.0,-528083.6,-3679074.08,314378.96,-3650116.41,1.0068036868143144,1.0,1.0,11.702672723390902,134.11982081806246,23.313234734283743,-0.0,1.0000000000000002,0.0,-2.220446049250313e-16,0.0,-574432.9,-77042837.62,0.0,0.0,2022-05-01
CD-04,5,2023,97635424.46,-60611.54,0.0,-97574812.92,-95474490.15,-95474490.15,-427756.39,-427756.39,0.0,-95046733.76,-95046733.76,0.0,0.0,0.0,-659054.29,-4301399.07,658651.21,-6688258.76,1.0069029359461839,1.0,1.0,6.530617426482828,222.1982791653913,16.68509472562876,-0.0,1.0,0.0,0.0,0.0,-427756.39,-95046733.76,0.0,0.0,2023-05-01
CD-04,6,2021,67141009.76,-58243.41,0.0,-67082766.35,-65646290.49,-65646290.49,-736881.77,-736881.77,0.0,-64909408.72,-64909408.72,0.0,0.0,0.0,-496637.75,-3950452.84,426446.48,-2272579.82,1.0075653589303062,1.0,1.0,9.263654468434117,88.08659864119043,14.592763574927387,-0.0,1.0,0.0,0.0,0.0,-736881.77,-64909408.72,0.0,0.0,2021-06-01
CD-04,6,2022,79940399.13,-60822.56,0.0,-79879576.57,-78116221.19,-78116221.19,-555196.12,-555196.12,0.0,-77561025.07,-77561025.07,0.0,0.0,0.0,-581986.35,-4554706.09,457040.82,-3493266.91,1.0074502624568136,1.0,1.0,9.965643965893461,139.7002289389198,17.60887134764024,-0.0,1.0,0.0,0.0,0.0,-555196.12,-77561025.07,0.0,0.0,2022-06-01
CD-04,6,2023,100471172.45,-52420.97,0.0,-100418751.48,-98279913.79,-98279913.79,-418095.36,-418095.36,0.0,-97861818.43,-97861818.43,0.0,0.0,0.0,-649506.97,-5229558.56,698623.88,-8595922.1,1.0066087458256001,1.0,1.0,7.485513607121474,234.06578448993073,19.7895907308522,-0.0,1.0,0.0,0.0,0.0,-418095.36,-97861818.43,0.0,0.0,2023-06-01
CD-04,7,2021,67782040.27,-38713.83,0.0,-67743326.44,-66296988.15,-66296988.15,-721354.96,-721354.96,0.0,-65575633.19,-65575633.19,0.0,0.0,0.0,-485633.2,-4562755.16,496394.33,-2387126.78,1.0073251170762272,1.0,1.0,9.191795482434298,90.90619296497248,14.00072788905546,-0.0,1.0,0.0,0.0,0.0,-721354.96,-65575633.19,0.0,0.0,2021-07-01
CD-04,7,2022,80174627.02,-32945.88,0.0,-80141681.14,-78321487.35,-78321487.35,-534622.47,-534622.47,0.0,-77786864.88,-77786864.88,0.0,0.0,0.0,-635298.26,-5386787.86,648804.44,-3134335.22,1.008111417204847,1.0,1.0,8.30263717060876,145.49868223832792,13.133577014361986,-0.0,1.0,0.0,0.0,0.0,-534622.47,-77786864.88,0.0,0.0,2022-07-01
CD-04,7,2023,102244864.46,-82306.83,0.0,-102162557.63,-99978799.56,-99978799.56,-403105.75,-403105.75,0.0,-99575693.81,-99575693.81,0.0,0.0,0.0,-659192.68,-6355523.92,809689.8,-9289594.14,1.0065933246138288,1.0,1.0,7.849331830535594,247.021268761361,19.322360316259388,-0.0,1.0,0.0,0.0,0.0,-403105.75,-99575693.81,0.0,0.0,2023-07-01
CD-04,8,2021,68121014.94,-27172.95,0.0,-68093841.99,-66641272.45,-66641272.45,-702181.31,-702181.31,0.0,-65939091.14,-65939091.14,0.0,0.0,0.0,-484097.61,-5180321.52,513022.08,-2146277.14,1.007264231191912,1.0,1.0,10.09765801892971,93.90607554051816,14.281254054406391,-0.0,1.0,0.0,0.0,0.0,-702181.31,-65939091.14,0.0,0.0,2021-08-01
CD-04,8,2022,81900250.37,-36800.24,0.0,-81863450.13,-79997637.63,-79997637.63,-522391.99,-522391.99,0.0,-79475245.64,-79475245.64,0.0,0.0,0.0,-665380.58,-6236514.98,681460.57,-4046798.16,1.0083175028627405,1.0,1.0,9.151688673638155,152.1371827313049,15.090107326385738,-0.0,1.0,0.0,0.0,0.0,-522391.99,-79475245.64,0.0,0.0,2022-08-01
CD-04,8,2023,102475266.25,-49117.78,0.0,-102426148.47,-100234183.61,-100234183.61,-382075.31,-382075.31,0.0,-99852108.3,-99852108.3,0.0,0.0,0.0,-648315.6,-7429191.63,827489.35,-8478232.95,1.0064680089830682,1.0,1.0,8.97799062912411,261.34143109116366,19.223721223723302,-0.0,1.0,0.0,0.0,0.0,-382075.31,-99852108.3,0.0,0.0,2023-08-01
CD-04,9,2021,68836102.43,-43546.71,0.0,-68792555.72,-67315248.77,-67315248.77,-687509.06,-687509.06,0.0,-66627739.71,-66627739.71,0.0,0.0,0.0,-495350.55,-5807375.42,622501.91,-2331555.8,1.0073586677469244,1.0,1.0,9.329088516370977,96.91179882051298,13.074548188936479,-0.0,1.0,0.0,0.0,0.0,-687509.06,-66627739.71,0.0,0.0,2021-09-01
CD-04,9,2022,83647868.09,-61107.68,0.0,-83586760.41,-81779431.63,-81779431.63,-510953.83,-510953.83,0.0,-81268477.8,-81268477.8,0.0,0.0,0.0,-587520.64,-7083033.09,832866.93,-5079440.62,1.0071842103605972,1.0,1.0,8.504399484320983,159.05248777565674,14.603141596701409,-0.0,1.0,0.0,0.0,0.0,-510953.83,-81268477.8,0.0,0.0,2022-09-01
CD-04,9,2023,102458609.58,-49414.07,0.0,-102409195.51,-100225671.01,-100225671.01,-360340.45,-360340.45,0.0,-99865330.56,-99865330.56,0.0,0.0,0.0,-629128.77,-8522054.95,858508.74,-7388704.88,1.0062771220552589,1.0,1.0,9.926579140009686,277.141604724088,18.53302021130268,-0.0,1.0,0.0,0.0,0.0,-360340.45,-99865330.56,0.0,0.0,2023-09-01
CD-04,10,2021,68633361.69,-25167.23,0.0,-68608194.46,-67129681.69,-67129681.69,-663157.51,-663157.51,0.0,-66466524.18,-66466524.18,0.0,0.0,0.0,-489692.13,-6430194.98,639129.66,-1551638.79,1.0072947184862482,1.0,1.0,10.060861484663379,100.22735651444255,12.488598588899785,-0.0,1.0,0.0,0.0,0.0,-663157.51,-66466524.18,0.0,0.0,2021-10-01
CD-04,10,2022,85022012.97,-38169.05,0.0,-84983843.92,-83150704.26,-83150704.26,-496517.62,-496517.62,0.0,-82654186.64,-82654186.64,0.0,0.0,0.0,-596296.63,-7915778.16,877207.55,-5694462.93,1.007171275761363,1.0,1.0,9.023837243534896,166.4677814253601,15.515417178066922,-0.0,1.0,0.0,0.0,0.0,-496517.62,-82654186.64,0.0,0.0,2022-10-01
CD-04,11,2021,70118998.93,-43195.05,0.0,-70075803.88,-68562392.02,-68562392.02,-659282.43,-659282.43,0.0,-67903109.59,-67903109.59,0.0,0.0,0.0,-502140.85,-7115699.86,1163415.15,-2854839.26,1.0073238525553998,1.0,1.0,6.116217293543067,102.99547887238553,8.570061271765287,-0.0,1.0000000000000002,0.0,-2.220446049250313e-16,0.0,-659282.43,-67903109.59,0.0,0.0,2021-11-01
CD-04,11,2022,85614446.66,-36924.68,0.0,-85577521.98,-83729727.5,-83729727.5,-477306.74,-477306.74,0.0,-83252420.76,-83252420.76,0.0,0.0,0.0,-597908.93,-8746202.6,912488.27,-5503250.94,1.007140939638195,1.0,1.0,9.585002774884986,174.421213410898,15.616040236878879,-0.0,1.0,0.0,0.0,0.0,-477306.74,-83252420.76,0.0,0.0,2022-11-01
CD-04,12,2022,87145207.89,-60502.04,0.0,-87084705.85,-85225365.28,-85225365.28,-458650.88,-458650.88,0.0,-84766714.4,-84766714.4,0.0,0.0,0.0,-578204.64,-10412307.73,949572.23,-5396955.32,1.0067844196161597,1.0,1.0,10.965261410393184,184.81751174226463,16.648826229890908,-0.0,1.0,0.0,0.0,0.0,-458650.88,-84766714.4,0.0,0.0,2022-12-01
CD-04,10,2023,103183945.51,-43277.82,0.0,-103140667.69,-100943488.85,-100943488.85,-341337.13,-341337.13,0.0,-100602151.72,-100602151.72,0.0,0.0,0.0,-626949.84,-9609858.12,876308.29,-7034340.17,1.0062108992580159,1.0,1.0,10.966298310381154,294.72958807616385,18.99354197596373,-0.0,1.0,0.0,0.0,0.0,-341337.13,-100602151.72,0.0,0.0,2023-10-01
CD-04,11,2023,106703070.22,-46857.47,0.0,-106656212.75,-104397254.91,-104397254.91,-334492.78,-334492.78,0.0,-104062762.13,-104062762.13,0.0,0.0,0.0,-638463.11,-10706233.08,894107.84,-9421044.09,1.0061157078368623,1.0,1.0,11.974207809205655,311.10615341233967,22.51101742939644,-0.0,1.0,0.0,0.0,0.0,-334492.78,-104062762.13,0.0,0.0,2023-11-01
CD-04,12,2021,72370196.12,-64093.1,0.0,-72306103.02,-70762676.8,-70762676.8,-629745.99,-629745.99,0.0,-70132930.81,-70132930.81,0.0,0.0,0.0,-471257.19,-8922858.12,1196670.65,-3301069.81,1.0066596857455228,1.0,1.0,7.456402578269969,111.3670145164402,10.214947554701038,-0.0,1.0,0.0,0.0,0.0,-629745.99,-70132930.81,0.0,0.0,2021-12-01
CD-05,1,2022,11072245.24,-13400.6,0.0,-11058844.64,-10165973.7,-10165973.7,0.0,0.0,0.0,-10165973.7,-10165973.7,0.0,0.0,0.0,-533392.0,-354245.94,4952.92,27160.18,1.0524683631632845,1.0,1.0,71.52264522746178,-inf,66.03897498849163,-0.0,1.0,0.0,0.0,0.0,0.0,-10165973.7,0.0,0.0,2022-01-01
CD-05,1,2023,16712456.84,-43045.05,0.0,-16669411.79,-15140555.43,-15140555.43,0.0,0.0,0.0,-15140555.43,-15140555.43,0.0,0.0,0.0,-1046221.11,-540479.07,210537.69,24737.18,1.0691005765830084,1.0,1.0,2.5671368865118636,-inf,2.449641629486863,-0.0,1.0,0.0,0.0,0.0,0.0,-15140555.43,0.0,0.0,2023-01-01
CD-05,2,2022,11071382.28,-102980.79,0.0,-10968401.49,-9836210.79,-9836210.79,0.0,0.0,0.0,-9836210.79,-9836210.79,0.0,0.0,0.0,-761744.13,-748794.3,515720.49,515.21,1.077442843210968,1.0,1.0,1.4519382388704394,-inf,1.4509392287283371,-0.0,1.0,0.0,0.0,0.0,0.0,-9836210.79,0.0,0.0,2022-02-01
CD-05,2,2023,17315145.89,-35335.82,0.0,-17279810.07,-15699176.2,-15699176.2,0.0,0.0,0.0,-15699176.2,-15699176.2,0.0,0.0,0.0,-1081034.49,-1091012.19,289503.24,-113645.89,1.0688593131402653,1.0,1.0,3.768566424334318,-inf,4.161121236501533,-0.0,1.0,0.0,0.0,0.0,0.0,-15699176.2,0.0,0.0,2023-02-01
CD-05,3,2022,11622307.25,-35681.34,0.0,-11586625.91,-10363987.14,-10363987.14,0.0,0.0,0.0,-10363987.14,-10363987.14,0.0,0.0,0.0,-837391.37,-1142430.22,625224.51,-330335.66,1.0807981869031922,1.0,1.0,1.8272319810367,-inf,2.3555792462454805,-0.0,1.0,0.0,0.0,0.0,0.0,-10363987.14,0.0,0.0,2022-03-01
CD-05,3,2023,18175543.13,-46435.97,0.0,-18129107.16,-16445778.69,-16445778.69,0.0,0.0,0.0,-16445778.69,-16445778.69,0.0,0.0,0.0,-1160112.67,-1726142.72,481776.52,-514618.45,1.0705416685866882,1.0,1.0,3.5828701656112254,-inf,4.6510385562168945,-0.0,1.0,0.0,0.0,0.0,0.0,-16445778.69,0.0,0.0,2023-03-01
CD-05,4,2021,8325449.31,-12181.33,0.0,-8313267.98,-7648064.6,-7648064.6,0.0,0.0,0.0,-7648064.6,-7648064.6,0.0,0.0,0.0,-413681.13,-976092.44,133601.15,25472.8,1.0540896490335607,1.0,1.0,7.3060182490944126,-inf,7.1153552196219865,-0.0,1.0,0.0,0.0,0.0,0.0,-7648064.6,0.0,0.0,2021-04-01
CD-05,4,2022,11913893.55,-30699.05,0.0,-11883194.5,-10592232.96,-10592232.96,0.0,0.0,0.0,-10592232.96,-10592232.96,0.0,0.0,0.0,-892464.4,-1548389.54,732867.48,-327502.33,1.0842564927877116,1.0,1.0,2.1127824364645025,-inf,2.5596604040883357,-0.0,1.0,0.0,0.0,0.0,0.0,-10592232.96,0.0,0.0,2022-04-01
CD-05,4,2023,19101894.5,-34459.34,0.0,-19067435.16,-17326144.66,-17326144.66,0.0,0.0,0.0,-17326144.66,-17326144.66,0.0,0.0,0.0,-1195514.73,-2359604.76,546037.91,-880153.73,1.0690006203607445,1.0,1.0,4.321320400629325,-inf,5.933211651916255,-0.0,1.0,0.0,0.0,0.0,0.0,-17326144.66,0.0,0.0,2023-04-01
CD-05,5,2022,12461293.57,-17649.12,0.0,-12443644.45,-11140194.44,-11140194.44,0.0,0.0,0.0,-11140194.44,-11140194.44,0.0,0.0,0.0,-893354.67,-2201960.41,959128.51,-461336.77,1.0801920177256799,1.0,1.0,2.2957928859814625,-inf,2.776788670373275,-0.0,1.0,0.0,0.0,0.0,0.0,-11140194.44,0.0,0.0,2022-05-01
CD-05,5,2023,19892252.38,-83780.05,0.0,-19808472.33,-17899985.9,-17899985.9,0.0,0.0,0.0,-17899985.9,-17899985.9,0.0,0.0,0.0,-1340431.67,-3004413.25,939495.42,-1366851.93,1.0748845098252284,1.0,1.0,3.197900900889969,-inf,4.6527796591068,-0.0,1.0,0.0,0.0,0.0,0.0,-17899985.9,0.0,0.0,2023-05-01
CD-05,6,2021,8919453.17,-14952.96,0.0,-8904500.21,-8191932.82,-8191932.82,0.0,0.0,0.0,-8191932.82,-8191932.82,0.0,0.0,0.0,-454660.62,-1511882.97,226394.57,-132451.56,1.0555010191111405,1.0,1.0,6.678088480655697,-inf,7.263135904717149,-0.0,1.0,0.0,0.0,0.0,0.0,-8191932.82,0.0,0.0,2021-06-01
CD-05,6,2022,12738220.37,-24312.37,0.0,-12713908.0,-11393959.06,-11393959.06,0.0,0.0,0.0,-11393959.06,-11393959.06,0.0,0.0,0.0,-899077.91,-2642951.79,989210.76,-323147.3,1.0789082973938648,1.0,1.0,2.6717782467307574,-inf,2.9984500876233895,-0.0,1.0,0.0,0.0,0.0,0.0,-11393959.06,0.0,0.0,2022-06-01
CD-05,6,2023,20875105.85,-53262.61,0.0,-20821843.24,-18805157.14,-18805157.14,0.0,0.0,0.0,-18805157.14,-18805157.14,0.0,0.0,0.0,-1423396.72,-3668471.82,1084292.06,-1855609.36,1.0756918280130894,1.0,1.0,3.383287543394904,-inf,5.094643208952392,-0.0,1.0,0.0,0.0,0.0,0.0,-18805157.14,0.0,0.0,2023-06-01
CD-05,7,2021,9143766.61,-13776.94,0.0,-9129989.67,-8397478.92,-8397478.92,0.0,0.0,0.0,-8397478.92,-8397478.92,0.0,0.0,0.0,-458246.44,-1785650.91,240078.38,-89712.63,1.0545695254927772,1.0,1.0,7.437783069012711,-inf,7.811463656160959,-0.0,1.0,0.0,0.0,0.0,0.0,-8397478.92,0.0,0.0,2021-07-01
CD-05,7,2022,12989365.16,-23841.8,0.0,-12965523.36,-11630110.06,-11630110.06,0.0,0.0,0.0,-11630110.06,-11630110.06,0.0,0.0,0.0,-906705.2,-3112473.72,1087260.21,-209555.1,1.077961876140663,1.0,1.0,2.8626760101889506,-inf,3.0554128528257283,-0.0,1.0,0.0,0.0,0.0,0.0,-11630110.06,0.0,0.0,2022-07-01
CD-05,7,2023,21636863.0,-51704.87,0.0,-21585158.13,-19503581.08,-19503581.08,0.0,0.0,0.0,-19503581.08,-19503581.08,0.0,0.0,0.0,-1467313.92,-4378598.39,1225302.57,-2049407.95,1.0752330515089181,1.0,1.0,3.5734833968396877,-inf,5.246056359777324,-0.0,1.0,0.0,0.0,0.0,0.0,-19503581.08,0.0,0.0,2023-07-01
CD-05,8,2021,9230173.31,-34657.05,0.0,-9195516.26,-8413271.15,-8413271.15,0.0,0.0,0.0,-8413271.15,-8413271.15,0.0,0.0,0.0,-500095.76,-2063791.79,353392.74,9128.4,1.0594412982874086,1.0,1.0,5.839938279433811,-inf,5.814107528072026,-0.0,1.0,0.0,0.0,0.0,0.0,-8413271.15,0.0,0.0,2021-08-01
CD-05,8,2022,13635321.71,-32807.85,0.0,-13602513.86,-12188930.96,-12188930.96,0.0,0.0,0.0,-12188930.96,-12188930.96,0.0,0.0,0.0,-972249.15,-3585719.64,1182314.07,-469925.28,1.0797649238633475,1.0,1.0,3.032797909611276,-inf,3.4302602184206434,-0.0,1.0,0.0,0.0,0.0,0.0,-12188930.96,0.0,0.0,2022-08-01
CD-05,8,2023,22219180.02,-29070.58,0.0,-22190109.44,-20091881.83,-20091881.83,0.0,0.0,0.0,-20091881.83,-20091881.83,0.0,0.0,0.0,-1467554.43,-5134713.75,1243028.28,-1920899.48,1.0730421591375645,1.0,1.0,4.130810081006363,-inf,5.67614859896832,-0.0,1.0,0.0,0.0,0.0,0.0,-20091881.83,0.0,0.0,2023-08-01
CD-05,9,2021,9433836.87,-21827.47,0.0,-9412009.4,-8599808.81,-8599808.81,0.0,0.0,0.0,-8599808.81,-8599808.81,0.0,0.0,0.0,-519706.15,-2378045.23,402008.8,59189.58,1.0604322911685755,1.0,1.0,5.915405906537369,-inf,5.768171368387955,-0.0,1.0,0.0,0.0,0.0,0.0,-8599808.81,0.0,0.0,2021-09-01
CD-05,9,2022,14336311.34,-32781.34,0.0,-14303530.0,-12830271.6,-12830271.6,0.0,0.0,0.0,-12830271.6,-12830271.6,0.0,0.0,0.0,-1016811.67,-4109577.67,1234894.95,-699920.16,1.0792509856143653,1.0,1.0,3.3278763266462463,-inf,3.894661509466858,-0.0,1.0,0.0,0.0,0.0,0.0,-12830271.6,0.0,0.0,2022-09-01
CD-05,9,2023,22655913.71,-35925.66,0.0,-22619988.05,-20492058.01,-20492058.01,0.0,0.0,0.0,-20492058.01,-20492058.01,0.0,0.0,0.0,-1482461.85,-5904577.27,1365144.74,-1711158.51,1.0723432389892986,1.0,1.0,4.325238999931978,-inf,5.5787020649546655,-0.0,1.0,0.0,0.0,0.0,0.0,-20492058.01,0.0,0.0,2023-09-01
CD-05,10,2021,9534283.22,-13389.98,0.0,-9520893.24,-8705183.69,-8705183.69,0.0,0.0,0.0,-8705183.69,-8705183.69,0.0,0.0,0.0,-513954.7,-2718734.09,415246.79,276797.21,1.059040075235908,1.0,1.0,6.54727298433782,-inf,5.880688156553841,-0.0,1.0,0.0,0.0,0.0,0.0,-8705183.69,0.0,0.0,2021-10-01
CD-05,10,2022,15029546.94,-22809.71,0.0,-15006737.23,-13501784.41,-13501784.41,0.0,0.0,0.0,-13501784.41,-13501784.41,0.0,0.0,0.0,-1033757.11,-4681771.11,1252682.46,-849696.79,1.076564480561129,1.0,1.0,3.7373965545905388,-inf,4.41569837259476,-0.0,1.0,0.0,0.0,0.0,0.0,-13501784.41,0.0,0.0,2022-10-01
CD-05,11,2021,10096208.81,-21920.36,0.0,-10074288.45,-9209220.32,-9209220.32,0.0,0.0,0.0,-9209220.32,-9209220.32,0.0,0.0,0.0,-549293.7,-3074177.55,471021.64,26427.48,1.0596460591573726,1.0,1.0,6.526616377965139,-inf,6.4705096564140865,-0.0,1.0,0.0,0.0,0.0,0.0,-9209220.32,0.0,0.0,2021-11-01
CD-05,11,2022,15416855.44,-17114.54,0.0,-15399740.9,-13888540.05,-13888540.05,0.0,0.0,0.0,-13888540.05,-13888540.05,0.0,0.0,0.0,-1029478.01,-5205569.26,1252682.46,-723872.08,1.0741242784550273,1.0,1.0,4.155537756950792,-inf,4.733395357032459,-0.0,1.0,0.0,0.0,0.0,0.0,-13888540.05,0.0,0.0,2022-11-01
CD-05,12,2022,16375219.27,-81.97,0.0,-16375137.3,-14873650.16,-14873650.16,0.0,0.0,0.0,-14873650.16,-14873650.16,0.0,0.0,0.0,-1024605.46,-6256345.18,1252827.57,-653478.83,1.0688872905425388,1.0,1.0,4.993779934137304,-inf,5.515383102560554,-0.0,1.0,0.0,0.0,0.0,0.0,-14873650.16,0.0,0.0,2022-12-01
CD-05,10,2023,23332991.58,-41532.44,0.0,-23291459.14,-21126651.48,-21126651.48,0.0,0.0,0.0,-21126651.48,-21126651.48,0.0,0.0,0.0,-1500668.8,-6685428.38,1406421.59,-1647859.29,1.0710320232915587,1.0,1.0,4.753502383307412,-inf,5.92517046755518,-0.0,1.0,0.0,0.0,0.0,0.0,-21126651.48,0.0,0.0,2023-10-01
CD-05,11,2023,24338010.3,-100982.16,0.0,-24237028.14,-21912998.07,-21912998.07,0.0,0.0,0.0,-21912998.07,-21912998.07,0.0,0.0,0.0,-1627140.51,-7491214.34,1841607.88,-2214250.97,1.0742545819062357,1.0,1.0,4.067757540220777,-inf,5.27010413856396,-0.0,1.0,0.0,0.0,0.0,0.0,-21912998.07,0.0,0.0,2023-11-01
CD-05,12,2021,10760341.78,-21959.27,0.0,-10738382.51,-9855744.17,-9855744.17,0.0,0.0,0.0,-9855744.17,-9855744.17,0.0,0.0,0.0,-532176.24,-3744350.75,471021.64,47089.35,1.0539965557973692,1.0,1.0,7.949424043447346,-inf,7.84945124814223,-0.0,1.0,0.0,0.0,0.0,0.0,-9855744.17,0.0,0.0,2021-12-01
CD-06,1,2022,231030.4,0.0,0.0,-231030.4,-231030.4,-231030.4,0.0,0.0,0.0,-231030.4,-231030.4,0.0,0.0,0.0,0.0,-20574.0,0.0,-1012.9,1.0,1.0,1.0,inf,-inf,inf,-0.0,1.0,0.0,0.0,0.0,0.0,-231030.4,0.0,0.0,2022-01-01
CD-06,1,2023,1258403.94,-496.43,0.0,-1257907.51,-1257434.95,-1257434.95,0.0,0.0,0.0,-1257434.95,-1257434.95,0.0,0.0,0.0,0.0,-54401.0,0.0,-13603.6,1.0,1.0,1.0,inf,-inf,inf,-0.0,1.0,0.0,0.0,0.0,0.0,-1257434.95,0.0,0.0,2023-01-01
CD-06,2,2022,254294.76,0.0,0.0,-254294.76,-254294.76,-254294.76,0.0,0.0,0.0,-254294.76,-254294.76,0.0,0.0,0.0,0.0,-41525.0,0.0,-3326.26,1.0,1.0,1.0,inf,-inf,inf,-0.0,1.0,0.0,0.0,0.0,0.0,-254294.76,0.0,0.0,2022-02-01
CD-06,2,2023,1319097.29,-553.16,0.0,-1318544.13,-1317539.92,-1317539.92,0.0,0.0,0.0,-1317539.92,-1317539.92,0.0,0.0,0.0,0.0,-101452.0,0.0,-26657.57,1.0,1.0,1.0,inf,-inf,inf,-0.0,1.0,0.0,0.0,0.0,0.0,-1317539.92,0.0,0.0,2023-02-01
CD-06,3,2022,284862.58,0.0,0.0,-284862.58,-284862.58,-284862.58,0.0,0.0,0.0,-284862.58,-284862.58,0.0,0.0,0.0,0.0,-67156.0,0.0,-8263.08,1.0,1.0,1.0,inf,-inf,inf,-0.0,1.0,0.0,0.0,0.0,0.0,-284862.58,0.0,0.0,2022-03-01
CD-06,3,2023,1531092.44,-599.83,0.0,-1530492.61,-1528898.41,-1528898.41,0.0,0.0,0.0,-1528898.41,-1528898.41,0.0,0.0,0.0,0.0,-295765.9,0.0,-43702.16,1.0,1.0,1.0,inf,-inf,inf,-0.0,1.0,0.0,0.0,0.0,0.0,-1528898.41,0.0,0.0,2023-03-01
CD-06,4,2021,62961.72,0.0,0.0,-62961.72,-62961.72,-62961.72,0.0,0.0,0.0,-62961.72,-62961.72,0.0,0.0,0.0,0.0,-62778.99,0.0,-182.73,1.0,1.0,1.0,inf,-inf,inf,-0.0,1.0,0.0,0.0,0.0,0.0,-62961.72,0.0,0.0,2021-04-01
CD-06,4,2022,316030.46,0.0,0.0,-316030.46,-316030.46,-316030.46,0.0,0.0,0.0,-316030.46,-316030.46,0.0,0.0,0.0,0.0,-93857.0,0.0,-12729.96,1.0,1.0,1.0,inf,-inf,inf,-0.0,1.0,0.0,0.0,0.0,0.0,-316030.46,0.0,0.0,2022-04-01
CD-06,4,2023,1628121.36,-902.3,0.0,-1627219.06,-1624743.56,-1624743.56,0.0,0.0,0.0,-1624743.56,-1624743.56,0.0,0.0,0.0,0.0,-379216.9,0.0,-56096.31,1.0,1.0,1.0,inf,-inf,inf,-0.0,1.0,0.0,0.0,0.0,0.0,-1624743.56,0.0,0.0,2023-04-01
CD-06,5,2022,616567.34,0.0,0.0,-616567.34,-616567.34,-616567.34,0.0,0.0,0.0,-616567.34,-616567.34,0.0,0.0,0.0,0.0,-391335.75,0.0,-15788.09,1.0,1.0,1.0,inf,-inf,inf,-0.0,1.0,0.0,0.0,0.0,0.0,-616567.34,0.0,0.0,2022-05-01
CD-06,5,2023,1704960.78,-837.66,0.0,-1704123.12,-1700804.48,-1700804.48,0.0,0.0,0.0,-1700804.48,-1700804.48,0.0,0.0,0.0,0.0,-439481.9,0.0,-71892.23,1.0,1.0,1.0,inf,-inf,inf,-0.0,1.0,0.0,0.0,0.0,0.0,-1700804.48,0.0,0.0,2023-05-01
CD-06,6,2021,90076.77,0.0,0.0,-90076.77,-90076.77,-90076.77,0.0,0.0,0.0,-90076.77,-90076.77,0.0,0.0,0.0,0.0,-89458.99,0.0,-617.78,1.0,1.0,1.0,inf,-inf,inf,-0.0,1.0,0.0,0.0,0.0,0.0,-90076.77,0.0,0.0,2021-06-01
CD-06,6,2022,661509.39,0.0,0.0,-661509.39,-661509.39,-661509.39,0.0,0.0,0.0,-661509.39,-661509.39,0.0,0.0,0.0,0.0,-432419.79,0.0,-19646.1,1.0,1.0,1.0,inf,-inf,inf,-0.0,1.0,0.0,0.0,0.0,0.0,-661509.39,0.0,0.0,2022-06-01
CD-06,6,2023,1874960.84,-1306.08,0.0,-1873654.76,-1869458.17,-1869458.17,0.0,0.0,0.0,-1869458.17,-1869458.17,0.0,0.0,0.0,0.0,-589785.18,656.58,-90899.22,1.0,1.0,1.0,898.268573517317,-inf,1036.7120533674495,-0.0,1.0,0.0,0.0,0.0,0.0,-1869458.17,0.0,0.0,2023-06-01
CD-06,7,2021,105533.97,0.0,0.0,-105533.97,-105533.97,-105533.97,0.0,0.0,0.0,-105533.97,-105533.97,0.0,0.0,0.0,0.0,-104608.99,0.0,-924.98,1.0,1.0,1.0,inf,-inf,inf,-0.0,1.0,0.0,0.0,0.0,0.0,-105533.97,0.0,0.0,2021-07-01
CD-06,7,2022,708515.53,0.0,0.0,-708515.53,-708515.53,-708515.53,0.0,0.0,0.0,-708515.53,-708515.53,0.0,0.0,0.0,0.0,-480152.81,0.0,-18919.22,1.0,1.0,1.0,inf,-inf,inf,-0.0,1.0,0.0,0.0,0.0,0.0,-708515.53,0.0,0.0,2022-07-01
CD-06,7,2023,2013681.35,-1203.13,0.0,-2012478.22,-2007106.21,-2007106.21,0.0,0.0,0.0,-2007106.21,-2007106.21,0.0,0.0,0.0,0.0,-709084.18,218.86,-108810.54,1.0,1.0,1.0,3239.8984739102625,-inf,3737.0680800511745,-0.0,1.0,0.0,0.0,0.0,0.0,-2007106.21,0.0,0.0,2023-07-01
CD-06,8,2021,124826.59,0.0,0.0,-124826.59,-124826.59,-124826.59,0.0,0.0,0.0,-124826.59,-124826.59,0.0,0.0,0.0,0.0,-123508.99,0.0,-1317.6,1.0,1.0,1.0,inf,-inf,inf,-0.0,1.0,0.0,0.0,0.0,0.0,-124826.59,0.0,0.0,2021-08-01
CD-06,8,2022,754767.92,-0.46,0.0,-754767.46,-754767.46,-754767.46,0.0,0.0,0.0,-754767.46,-754767.46,0.0,0.0,0.0,0.0,-525028.81,0.0,-20295.15,1.0,1.0,1.0,inf,-inf,inf,-0.0,1.0,0.0,0.0,0.0,0.0,-754767.46,0.0,0.0,2022-08-01
CD-06,8,2023,2090968.81,-1237.85,0.0,-2089730.96,-2083194.13,-2083194.13,0.0,0.0,0.0,-2083194.13,-2083194.13,0.0,0.0,0.0,0.0,-783544.18,218.86,-110438.46,1.0,1.0,1.0,3580.1159645435437,-inf,4084.7237503426845,-0.0,1.0,0.0,0.0,0.0,0.0,-2083194.13,0.0,0.0,2023-08-01
CD-06,9,2021,140913.67,0.0,0.0,-140913.67,-140913.67,-140913.67,0.0,0.0,0.0,-140913.67,-140913.67,0.0,0.0,0.0,0.0,-138758.99,0.0,-2154.68,1.0,1.0,1.0,inf,-inf,inf,-0.0,1.0,0.0,0.0,0.0,0.0,-140913.67,0.0,0.0,2021-09-01
CD-06,9,2022,1003299.1,-0.55,0.0,-1003298.55,-1003298.55,-1003298.55,0.0,0.0,0.0,-1003298.55,-1003298.55,0.0,0.0,0.0,0.0,-769203.21,0.0,-24651.84,1.0,1.0,1.0,inf,-inf,inf,-0.0,1.0,0.0,0.0,0.0,0.0,-1003298.55,0.0,0.0,2022-09-01
CD-06,9,2023,2230779.15,-1123.21,0.0,-2229655.94,-2222096.13,-2222096.13,0.0,0.0,0.0,-2222096.13,-2222096.13,0.0,0.0,0.0,0.0,-927506.3,218.86,-105378.34,1.0,1.0,1.0,4237.89774284931,-inf,4719.385177739194,-0.0,1.0,0.0,0.0,0.0,0.0,-2222096.13,0.0,0.0,2023-09-01
CD-06,10,2021,156098.29,0.0,0.0,-156098.29,-156098.29,-156098.29,0.0,0.0,0.0,-156098.29,-156098.29,0.0,0.0,0.0,0.0,-153633.99,0.0,-2464.3,1.0,1.0,1.0,inf,-inf,inf,-0.0,1.0,0.0,0.0,0.0,0.0,-156098.29,0.0,0.0,2021-10-01
CD-06,10,2022,1066648.91,-0.54,0.0,-1066648.37,-1066648.37,-1066648.37,0.0,0.0,0.0,-1066648.37,-1066648.37,0.0,0.0,0.0,0.0,-818954.21,0.0,-38250.66,1.0,1.0,1.0,inf,-inf,inf,-0.0,1.0,0.0,0.0,0.0,0.0,-1066648.37,0.0,0.0,2022-10-01
CD-06,11,2021,175083.32,0.0,0.0,-175083.32,-175083.32,-175083.32,0.0,0.0,0.0,-175083.32,-175083.32,0.0,0.0,0.0,0.0,-171464.99,0.0,-3618.33,1.0,1.0,1.0,inf,-inf,inf,-0.0,1.0,0.0,0.0,0.0,0.0,-175083.32,0.0,0.0,2021-11-01
CD-06,11,2022,1117535.75,-0.69,0.0,-1117535.06,-1117535.06,-1117535.06,0.0,0.0,0.0,-1117535.06,-1117535.06,0.0,0.0,0.0,0.0,-865255.21,0.0,-42836.35,1.0,1.0,1.0,inf,-inf,inf,-0.0,1.0,0.0,0.0,0.0,0.0,-1117535.06,0.0,0.0,2022-11-01
CD-06,12,2022,1189431.08,-0.73,0.0,-1189430.35,-1189430.35,-1189430.35,0.0,0.0,0.0,-1189430.35,-1189430.35,0.0,0.0,0.0,0.0,-925526.21,0.0,-54460.64,1.0,1.0,1.0,inf,-inf,inf,-0.0,1.0,0.0,0.0,0.0,0.0,-1189430.35,0.0,0.0,2022-12-01
CD-06,10,2023,2317595.04,-1448.19,0.0,-2316146.85,-2307207.53,-2307207.53,0.0,0.0,0.0,-2307207.53,-2307207.53,0.0,0.0,0.0,0.0,-1012450.3,2861.84,-108188.72,1.0,1.0,1.0,353.77599726050374,-inf,391.57989964498364,-0.0,1.0,0.0,0.0,0.0,0.0,-2307207.53,0.0,0.0,2023-10-01
CD-06,11,2023,2552330.39,-1317.57,0.0,-2551012.82,-2540644.51,-2540644.51,0.0,0.0,0.0,-2540644.51,-2540644.51,0.0,0.0,0.0,0.0,-1204977.12,2861.84,-149098.88,1.0,1.0,1.0,421.0497861515668,-inf,473.1487434657423,-0.0,1.0,0.0,0.0,0.0,0.0,-2540644.51,0.0,0.0,2023-11-01
CD-06,12,2021,209443.5,0.0,0.0,-209443.5,-209443.5,-209443.5,0.0,0.0,0.0,-209443.5,-209443.5,0.0,0.0,0.0,0.0,-204695.99,0.0,-4747.51,1.0,1.0,1.0,inf,-inf,inf,-0.0,1.0,0.0,0.0,0.0,0.0,-209443.5,0.0,0.0,2021-12-01
CD-07,2,2023,3921.08,0.0,0.0,-3921.08,-3921.08,-3921.08,0.0,0.0,0.0,-3921.08,-3921.08,0.0,0.0,0.0,0.0,-3906.29,0.0,-14.79,1.0,1.0,1.0,inf,-inf,inf,-0.0,1.0,0.0,0.0,0.0,0.0,-3921.08,0.0,0.0,2023-02-01
CD-07,3,2023,8435.0,-240.01,0.0,-8194.99,-7966.14,-7966.14,0.0,0.0,0.0,-7966.14,-7966.14,0.0,0.0,0.0,0.0,-8135.77,0.0,-70.38,1.0,1.0,1.0,inf,-inf,inf,-0.0,1.0,0.0,0.0,0.0,0.0,-7966.14,0.0,0.0,2023-03-01
CD-07,4,2023,9011.14,-21.32,0.0,-8989.82,-8737.5,-8737.5,0.0,0.0,0.0,-8737.5,-8737.5,0.0,0.0,0.0,0.0,-8858.49,0.0,-140.34,1.0,1.0,1.0,inf,-inf,inf,-0.0,1.0,0.0,0.0,0.0,0.0,-8737.5,0.0,0.0,2023-04-01
CD-07,5,2023,14273.07,-147.77,0.0,-14125.3,-13727.45,-13727.45,0.0,0.0,0.0,-13727.45,-13727.45,0.0,0.0,0.0,0.0,-13867.56,0.0,-268.99,1.0,1.0,1.0,inf,-inf,inf,-0.0,1.0,0.0,0.0,0.0,0.0,-13727.45,0.0,0.0,2023-05-01
CD-07,6,2023,15249.94,-58.74,0.0,-15191.2,-14731.25,-14731.25,0.0,0.0,0.0,-14731.25,-14731.25,0.0,0.0,0.0,0.0,-14765.26,0.0,-433.83,1.0,1.0,1.0,inf,-inf,inf,-0.0,1.0,0.0,0.0,0.0,0.0,-14731.25,0.0,0.0,2023-06-01
CD-07,7,2023,18156.26,-80.06,0.0,-18076.2,-17567.44,-17567.44,0.0,0.0,0.0,-17567.44,-17567.44,0.0,0.0,0.0,0.0,-17479.1,0.0,-603.98,1.0,1.0,1.0,inf,-inf,inf,-0.0,1.0,0.0,0.0,0.0,0.0,-17567.44,0.0,0.0,2023-07-01
CD-07,8,2023,26838.14,-244.76,0.0,-26593.38,-25852.59,-25852.59,0.0,0.0,0.0,-25852.59,-25852.59,0.0,0.0,0.0,0.0,-25776.0,0.0,-836.99,1.0,1.0,1.0,inf,-inf,inf,-0.0,1.0,0.0,0.0,0.0,0.0,-25852.59,0.0,0.0,2023-08-01
CD-07,9,2023,36532.89,-277.62,0.0,-36255.27,-35255.02,-35255.02,0.0,0.0,0.0,-35255.02,-35255.02,0.0,0.0,0.0,0.0,-35186.83,0.0,-1106.21,1.0,1.0,1.0,inf,-inf,inf,-0.0,1.0,0.0,0.0,0.0,0.0,-35255.02,0.0,0.0,2023-09-01
CD-07,10,2023,49789.04,-377.78,0.0,-49411.26,-48050.8,-48050.8,0.0,0.0,0.0,-48050.8,-48050.8,0.0,0.0,0.0,0.0,-47992.86,0.0,-1473.74,1.0,1.0,1.0,inf,-inf,inf,-0.0,1.0,0.0,0.0,0.0,0.0,-48050.8,0.0,0.0,2023-10-01
CD-07,11,2023,69001.06,-548.85,0.0,-68452.21,-66541.92,-66541.92,0.0,0.0,0.0,-66541.92,-66541.92,0.0,0.0,0.0,0.0,-66597.86,0.0,-1908.71,1.0,1.0,1.0,inf,-inf,inf,-0.0,1.0,0.0,0.0,0.0,0.0,-66541.92,0.0,0.0,2023-11-01
CV-03,1,2022,554129857.44,-282268.38,0.0,-553847589.06,-522050826.41,-522060623.06,-14328372.3,0.0,-14328372.3,-507976158.43,-499487918.46,0.0,-8488239.97,243907.67,-21269922.47,-3887555.9,289955.24,-4589679.68,1.0407234809156571,0.9999812346505995,0.9995140328368132,13.407434540586333,35.45246785847406,29.236359308422916,-0.0,0.9567622923412752,0.00046720181378622747,0.04277050584493858,-9796.649999976158,0.0,-499487918.46,-14328372.3,-8488239.97,2022-01-01
CV-03,1,2023,647650987.93,-275827.95,0.0,-647375159.98,-610718376.29,-605804921.05,-17106424.22,0.0,-17106424.22,-588927156.27,-582017869.29,0.0,-6909286.98,228659.44,-25042404.03,-4632243.57,88590.69,-928126.04,1.0494480289431778,1.0081106228577408,1.0077331755441672,52.288153190814974,34.42725076240393,62.76471726317969,-0.0,0.9607347993826602,0.00037744731357361764,0.03888775330376626,4913455.24000001,0.0,-582017869.29,-17106424.22,-6909286.98,2023-01-01
CV-03,2,2022,559920304.91,-466242.3,0.0,-559454062.61,-526526343.65,-526705604.89,-14159616.71,0.0,-14159616.71,-512789362.1,-504200081.69,0.0,-8589280.41,243373.92,-22307636.47,-7823904.09,1736104.46,-7770535.4,1.0420127961892895,0.9996596557197498,0.9991975875022475,4.506586020751309,36.21491828503033,8.982431558294598,-0.0,0.9572711530102282,0.0004620682175023133,0.042266778772269475,-179261.24000000954,0.0,-504200081.69,-14159616.71,-8589280.41,2022-02-01
CV-03,2,2023,657074422.79,-306953.47,0.0,-656767469.32,-619671878.66,-614874034.22,-17248893.33,0.0,-17248893.33,-597853494.98,-590797705.22,0.0,-7055789.76,228354.09,-25337596.08,-9270382.1,308324.67,-5759039.01,1.0490107547934242,1.0078029712965295,1.0074315877654463,30.0669489081104,34.66039725227984,48.74543807993049,-0.0,0.9608434774277921,0.0003713835310832066,0.03878513904112468,4797844.439999938,0.0,-590797705.22,-17248893.33,-7055789.76,2023-02-01
CV-03,3,2022,576858850.45,-314017.62,0.0,-576544832.83,-542567868.23,-542624819.44,-14363487.32,0.0,-14363487.32,-528505162.05,-519685635.07,0.0,-8819526.98,243829.93,-23137110.47,-11796905.54,2152790.88,-21243703.01,1.0425342859986007,0.9998950449593168,0.9994456922550826,5.47981954475764,36.79504498285031,15.347802174821553,-0.0,0.9577255157740964,0.00044935270423427645,0.041825131521669334,-56951.21000003815,0.0,-519685635.07,-14363487.32,-8819526.98,2022-03-01
CV-03,3,2023,674767336.02,-426575.35,0.0,-674340760.67,-635538124.98,-632989279.76,-18326182.71,0.0,-18326182.71,-615033521.58,-606360851.67,0.0,-8672669.91,370424.53,-26781734.89,-13936718.03,1410229.39,-19505830.58,1.0463366142964077,1.0040266799162325,1.0034414811745722,9.882589406252553,33.560372681671254,23.71426155712157,-0.0,0.9579322605588261,0.0005851987416602817,0.041482540699513626,2548845.2200000286,0.0,-606360851.67,-18326182.71,-8672669.91,2023-03-01
CV-03,4,2021,485758954.76,-240708.57,0.0,-485518246.19,-454439385.64,-454418729.81,-11473658.18,0.0,-11473658.18,-443090421.95,-437091888.97,0.0,-5998532.98,145350.32,-21449903.95,-13086154.16,665038.6,-9826952.13,1.0472484041073244,1.0000454554987392,0.9997255956195904,19.677285138035597,38.61806016867063,34.45379905767876,-0.0,0.9618703198100029,0.00031985987914884886,0.03780982031084823,20655.82999998331,0.0,-437091888.97,-11473658.18,-5998532.98,2021-04-01
CV-03,4,2022,583689718.62,-268032.46,0.0,-583421686.16,-549097434.68,-547793853.52,-15719888.94,0.0,-15719888.94,-532564877.63,-525040322.48,0.0,-7524555.15,490913.05,-23374032.62,-15761118.71,2419715.25,-24471639.0,1.0450490884872607,1.0023796929294175,1.0014835290771849,6.513625398691024,33.87841222432962,16.62706291990349,-0.0,0.9584633327048289,0.0008961638522329217,0.040640503442938236,1303581.1599999666,0.0,-525040322.48,-15719888.94,-7524555.15,2022-04-01
CV-03,4,2023,691563065.41,-217176.05,0.0,-691345889.36,-651989156.91,-649010650.48,-18403637.74,0.0,-18403637.74,-630976512.18,-622222319.18,0.0,-8754193.0,369499.44,-27210839.25,-18635850.16,1505040.48,-31782372.39,1.046515948016681,1.004589302853192,1.0040199756168413,12.382291644408129,34.28542340890481,33.499579061155885,-0.0,0.9587243579436058,0.0005693272363507793,0.0407063148200435,2978506.4299999475,0.0,-622222319.18,-18403637.74,-8754193.0,2023-04-01
CV-03,5,2022,594436983.6,-309453.18,0.0,-594127530.42,-559150332.61,-557724085.98,-15351497.82,0.0,-15351497.82,-542864442.28,-535206321.22,0.0,-7658121.06,491854.12,-23885916.7,-19756724.95,3233502.61,-32014744.26,1.0453847412480366,1.0025572620330605,1.0016753669663703,6.110007423188689,35.36231113375489,16.010956369693485,-0.0,0.9596256189645582,0.0008818950666900871,0.039492485968751656,1426246.6299999952,0.0,-535206321.22,-15351497.82,-7658121.06,2022-05-01
CV-03,5,2023,711833459.1,-331628.12,0.0,-711501830.98,-671241195.14,-665359119.61,-18412265.43,0.0,-18412265.43,-647313930.72,-638511369.95,0.0,-8802560.77,367076.54,-27849344.01,-23315186.35,1702718.4,-47191869.86,1.0506965615196973,1.0088404522559904,1.0082887553915736,13.692919715908399,35.15666951364388,41.40852428093807,-0.0,0.9596492347234427,0.0005516968644168607,0.03979906841214054,5882075.529999971,0.0,-638511369.95,-18412265.43,-8802560.77,2023-05-01
CV-03,6,2021,503624202.66,-268349.0,0.0,-503355853.66,-471100954.03,-470985752.59,-11566475.12,0.0,-11566475.12,-459553570.0,-453641889.81,0.0,-5911680.19,134292.53,-22442258.52,-20431622.08,1121567.86,-20886403.85,1.0478941450690475,1.0002445964434519,0.9999594656740782,18.21701816598061,39.7315141589999,36.83952385190496,-0.0,0.9631753982267526,0.0002851307693736197,0.03653947100387378,115201.43999999762,0.0,-453641889.81,-11566475.12,-5911680.19,2021-06-01
CV-03,6,2022,596407165.71,-309414.61,0.0,-596097751.1,-560952752.71,-558650558.6,-15425007.2,0.0,-15425007.2,-543720705.84,-535910848.48,0.0,-7809857.36,495154.44,-24020864.99,-23857924.89,3540300.97,-30321910.17,1.0471190061385898,1.0041209913327025,1.0032346511467356,6.738953860750432,35.24929997050504,15.30373703227836,-0.0,0.9592952879578487,0.0008863401859668345,0.03981837185618453,2302194.1100000143,0.0,-535910848.48,-15425007.2,-7809857.36,2022-06-01
CV-03,6,2023,728862500.88,-432222.72,0.0,-728430278.16,-686948571.9,-683304424.42,-21141091.74,0.0,-21141091.74,-663408905.72,-654357730.97,0.0,-9051174.75,1245573.04,-28820704.48,-28038223.34,3622476.15,-61068059.29,1.0475115494642915,1.0053331243729224,1.0035102574405779,7.740071205161696,31.380068441063397,24.598169578010886,-0.0,0.9576371930057817,0.0018228669323446323,0.04053994006187367,3644147.480000019,0.0,-654357730.97,-21141091.74,-9051174.75,2023-06-01
CV-03,7,2021,508024956.3,-233557.18,0.0,-507791399.12,-475380024.35,-475374508.77,-11606959.93,0.0,-11606959.93,-463901585.16,-457885248.75,0.0,-6016336.41,134036.32,-22519578.63,-23852055.89,1205733.71,-22043832.92,1.0473838916358436,1.0000116025994206,0.9997296431810522,19.782192114376567,39.967535681843266,38.0646973949165,-0.0,0.9632095122953642,0.0002819594183684988,0.03650852828626727,5515.580000042915,0.0,-457885248.75,-11606959.93,-6016336.41,2021-07-01
CV-03,7,2022,599800572.95,-266449.52,0.0,-599534123.43,-564388069.91,-561048597.59,-15699867.03,0.0,-15699867.03,-545593496.85,-537911171.46,0.0,-7682325.39,244766.29,-24036763.55,-28108779.51,3661146.72,-29811133.6,1.0487947674900093,1.0059521979635004,1.0055159322085347,7.6775889249256855,34.751472468362685,15.820156235093467,-0.0,0.9587603886198318,0.00043626575496561343,0.0408033456252026,3339472.3199999332,0.0,-537911171.46,-15699867.03,-7682325.39,2022-07-01
CV-03,7,2023,738356170.0,-328221.57,0.0,-738027948.43,-696251366.34,-691067695.47,-21130237.76,0.0,-21130237.76,-671174865.83,-662083616.5,0.0,-9091249.33,1237408.12,-28990079.17,-32794091.05,3766013.73,-65928599.37,1.049450654782464,1.0075009596078348,1.0057103852138771,8.707905334694571,31.763715744862495,26.21410793953744,-0.0,0.9580589873322212,0.0017905743939577875,0.04015043827382103,5183670.870000005,0.0,-662083616.5,-21130237.76,-9091249.33,2023-07-01
CV-03,8,2021,511594357.83,-297146.89,0.0,-511297210.94,-478552752.93,-478717631.2,-11701643.94,0.0,-11701643.94,-467148972.39,-461000852.12,0.0,-6148120.27,132985.13,-22793692.36,-27380626.25,1562252.78,-22456194.41,1.0472696483588384,0.9996555834603654,0.9993777889499217,17.526373836889572,39.92165329805788,31.90061256284018,-0.0,0.9629911707333833,0.0002777945104437591,0.03673103475617301,-164878.26999998093,0.0,-461000852.12,-11701643.94,-6148120.27,2021-08-01
CV-03,8,2022,610789006.93,-268377.65,0.0,-610520629.28,-574984574.05,-570511724.43,-15615151.48,0.0,-15615151.48,-555136090.2,-547379275.78,0.0,-7756814.42,239517.25,-24349637.32,-32338056.38,3768762.78,-36767180.45,1.0505204112479838,1.0078400660818476,1.0074202372864984,8.580549710268578,35.551117830078205,18.336319069145553,-0.0,0.959453158174599,0.000419828795349127,0.04012701303005195,4472849.620000005,0.0,-547379275.78,-15615151.48,-7756814.42,2022-08-01
CV-03,8,2023,738095439.72,-336676.48,0.0,-737758763.24,-696188253.8,-691335296.37,-21141482.88,0.0,-21141482.88,-671424172.44,-662282671.68,0.0,-9141500.76,1230358.95,-28766087.66,-37611696.3,3912692.74,-60971262.85,1.0486291460403132,1.0070196870541421,1.0052400022087995,9.612739563086672,31.758612971996033,25.195681261186895,-0.0,0.9579760720412411,0.0017796848453424205,0.040244243113416456,4852957.429999948,0.0,-662282671.68,-21141482.88,-9141500.76,2023-08-01
CV-03,9,2021,518653482.39,-258592.76,0.0,-518394889.63,-485336379.61,-485703849.29,-12683511.21,0.0,-12683511.21,-473164324.53,-466808897.95,0.0,-6355426.58,143986.45,-22976553.09,-31236529.44,1655266.03,-25814358.25,1.0465491130923708,0.9992434285202039,0.9989469794592988,18.87100253002836,37.30546823319281,34.466295239563394,-0.0,0.9610977937119077,0.0002964490609050738,0.038605757227187176,-367469.68000000715,0.0,-466808897.95,-12683511.21,-6355426.58,2021-09-01
CV-03,9,2022,621201280.06,-269435.33,0.0,-620931844.73,-585024615.74,-579962227.59,-15413691.78,0.0,-15413691.78,-564786020.5,-556942873.3,0.0,-7843147.2,237484.69,-24601902.35,-36894104.36,3976468.54,-42894540.51,1.0511486594967887,1.0087288238943362,1.0083193408647482,9.278107946504715,36.64183951263622,20.065202092608533,-0.0,0.9603088732422184,0.00040948302958772694,0.03928164372819387,5062388.149999976,0.0,-556942873.3,-15413691.78,-7843147.2,2022-09-01
CV-03,9,2023,737248183.22,-299902.91,0.0,-736948280.31,-695737442.86,-691609059.03,-21606935.79,0.0,-21606935.79,-671735196.71,-662089573.81,0.0,-9645622.9,1733073.47,-28481621.04,-42663060.54,4078732.88,-55351354.55,1.0471509221058157,1.005969244873383,1.0034633877748211,10.459880996178402,31.088869020515567,24.030604105165132,-0.0,0.9573176712557787,0.00250585709856184,0.040176471645659406,4128383.830000043,0.0,-662089573.81,-21606935.79,-9645622.9,2023-09-01
CV-03,10,2021,519940233.92,-312770.04,0.0,-519627463.88,-486411550.73,-487176894.71,-13323930.13,0.0,-13323930.13,-473976717.85,-467465664.68,0.0,-6511053.17,123753.27,-23069595.59,-35151869.25,1920936.71,-23489032.42,1.0457826548265943,0.9984290224181187,0.998175001196374,18.299337540381536,35.57334159106702,30.527242966791967,-0.0,0.9595398914767225,0.00025402122174465226,0.040206087301532856,-765343.9799999595,0.0,-467465664.68,-13323930.13,-6511053.17,2021-10-01
CV-03,10,2022,630530144.2,-326622.61,0.0,-630203521.59,-593767132.55,-588598668.98,-16906397.54,0.0,-16906397.54,-571922030.33,-565490320.67,0.0,-6431709.66,229758.89,-25032862.46,-41484890.46,4302160.41,-47986916.82,1.0513105578073032,1.008780963740466,1.0083906147605777,9.642804197531072,33.82873429876771,20.79694821978988,-0.0,0.9607400602008748,0.0003903489798883779,0.0388695908192368,5168463.569999933,0.0,-565490320.67,-16906397.54,-6431709.66,2022-10-01
CV-03,11,2021,533310460.37,-261820.95,0.0,-533048639.42,-499165411.01,-500390026.88,-13982406.89,0.0,-13982406.89,-486529850.94,-479854458.0,0.0,-6675392.94,122230.95,-23525942.34,-39059898.79,2010468.84,-33037156.13,1.0445678875917088,0.9975526773032715,0.9973084059480606,19.428253754979856,34.795858450375846,35.860816882891854,-0.0,0.9589608749637916,0.0002442713552109074,0.040794853680997556,-1224615.8700000048,0.0,-479854458.0,-13982406.89,-6675392.94,2021-11-01
CV-03,11,2022,633736220.55,-281247.43,0.0,-633454973.12,-597003715.67,-592043439.99,-16947525.01,0.0,-16947525.01,-575325150.85,-568761007.91,0.0,-6564142.94,229235.87,-24990332.05,-46105948.56,4388832.52,-46831955.12,1.0505885306836704,1.0083782292733177,1.0079910349316257,10.505287761584487,33.94744368340071,21.17599686396783,-0.0,0.9606744530766301,0.0003871943416920082,0.03893835258167788,4960275.679999948,0.0,-568761007.91,-16947525.01,-6564142.94,2022-11-01
CV-03,12,2022,642475826.52,-524137.28,0.0,-641951689.24,-605288363.58,-600632101.39,-17048398.68,0.0,-17048398.68,-583812343.93,-577045893.42,0.0,-6766450.51,228641.22,-25003758.73,-55318766.63,4805565.19,-46701991.41,1.0493813448388123,1.0077522699489827,1.0073716022832504,11.511396566862512,34.244409395170244,21.2297105556485,-0.0,0.9607310233412164,0.00038066766573227097,0.03888830899305129,4656262.190000057,0.0,-577045893.42,-17048398.68,-6766450.51,2022-12-01
CV-03,10,2023,740268515.36,-340715.65,0.0,-739927799.71,-698609765.05,-694654965.58,-21622415.06,0.0,-21622415.06,-674761708.02,-665061764.64,0.0,-9699943.38,1729157.5,-28588260.97,-47730067.77,4485508.09,-53670778.01,1.0468478051010954,1.0056931853451847,1.003203953157006,10.640950102488837,31.206583822741585,22.606323240406866,-0.0,0.9573987052474442,0.0024892321881788398,0.04011206256437694,3954799.4699999094,0.0,-665061764.64,-21622415.06,-9699943.38,2023-10-01
CV-03,11,2023,762233372.26,-365879.27,0.0,-761867492.99,-719366678.84,-714814642.49,-21645971.95,0.0,-21645971.95,-694894547.67,-685135434.64,0.0,-9759113.03,1725877.13,-29498764.47,-52833798.78,4952453.3,-70702102.86,1.0476358468279088,1.0063681352890916,1.0039536951987376,10.668207367043724,32.10271866170463,24.944384965730016,-0.0,0.9584798546562856,0.0024144400903541147,0.03910570525336032,4552036.350000024,0.0,-685135434.64,-21645971.95,-9759113.03,2023-11-01
CV-03,12,2021,546197162.22,-445792.37,0.0,-545751369.85,-514398433.09,-514398433.09,-14277148.78,0.0,-14277148.78,-500366930.38,-492012334.98,0.0,-8354595.4,245646.07,-20893027.16,-46828198.72,2138276.73,-38306972.26,1.0406164284647899,1.0,0.9995224595290378,21.899971160421316,35.046698615408,39.81485173810968,-0.0,0.9564810141906415,0.0004775404709621683,0.04304144533839638,0.0,0.0,-492012334.98,-14277148.78,-8354595.4,2021-12-01
